"FileName","FullPath","Width","Height","SAR","DAR","FPS","FrameRateRaw","FieldOrder","VideoCodec","PixelFormat","ColorSpace","ColorPrimaries","ColorTransfer","VideoKbps","TotalKbps","AudioCodec","AudioChannels","AudioSampleRate","DurationSeconds","SizeMB","Candidate","Decision","Reason"
"10-孤星淚-內心掙扎的馬特尼路.mp4","C:\Users\Synice\Downloads\孤星淚\10-孤星淚-內心掙扎的馬特尼路.mp4","1920","1080",,,"24.999","34639000/1385603","progressive","h264","yuv420p",,,,"748","882","aac","2","44100","1385.6","145.7","False","ALREADY_1080_HEIGHT","Already 1080 pixels high; do not upscale automatically."
"11-孤星淚-珊培麗絲的謊言.mp4","C:\Users\Synice\Downloads\孤星淚\11-孤星淚-珊培麗絲的謊言.mp4","1920","1080",,,"24.999","34651000/1386073","progressive","h264","yuv420p",,,,"701","835","aac","2","44100","1386.07","138.05","False","ALREADY_1080_HEIGHT","Already 1080 pixels high; do not upscale automatically."
"12-孤星淚-孤單的科絲迪.mp4","C:\Users\Synice\Downloads\孤星淚\12-孤星淚-孤單的科絲迪.mp4","1920","1080",,,"25","17341500/693673","progressive","h264","yuv420p",,,,"868","1002","aac","2","44100","1387.35","165.75","False","ALREADY_1080_HEIGHT","Already 1080 pixels high; do not upscale automatically."
"13-孤星淚-鏘·巴路鏘與科絲迪.mp4","C:\Users\Synice\Downloads\孤星淚\13-孤星淚-鏘·巴路鏘與科絲迪.mp4","1920","1080",,,"25","25/1","progressive","h264","yuv420p",,,,"708","842","aac","2","44100","1388.08","139.35","False","ALREADY_1080_HEIGHT","Already 1080 pixels high; do not upscale automatically."
"14-孤星淚-兩個人的旅程.mp4","C:\Users\Synice\Downloads\孤星淚\14-孤星淚-兩個人的旅程.mp4","1920","1080",,,"24.999","34713000/1388551","progressive","h264","yuv420p",,,,"796","931","aac","2","44100","1388.55","154.05","False","ALREADY_1080_HEIGHT","Already 1080 pixels high; do not upscale automatically."
"15-孤星淚-兩人的情意結.mp4","C:\Users\Synice\Downloads\孤星淚\15-孤星淚-兩人的情意結.mp4","1920","1080",,,"25","25/1","progressive","h264","yuv420p",,,,"950","1084","aac","2","44100","1388","179.39","False","ALREADY_1080_HEIGHT","Already 1080 pixels high; do not upscale automatically."
"16-孤星淚-巴黎的哥爾波大屋.mp4","C:\Users\Synice\Downloads\孤星淚\16-孤星淚-巴黎的哥爾波大屋.mp4","1920","1080",,,"25","1577500/63101","progressive","h264","yuv420p",,,,"851","985","aac","2","44100","1388.25","162.99","False","ALREADY_1080_HEIGHT","Already 1080 pixels high; do not upscale automatically."
"17-孤星淚-追蹤而至的薩比盧.mp4","C:\Users\Synice\Downloads\孤星淚\17-孤星淚-追蹤而至的薩比盧.mp4","1920","1080",,,"25","25/1","progressive","h264","yuv420p",,,,"736","871","aac","2","44100","1387.92","144.08","False","ALREADY_1080_HEIGHT","Already 1080 pixels high; do not upscale automatically."
"18-孤星淚-重遇忘卻了的人.mp4","C:\Users\Synice\Downloads\孤星淚\18-孤星淚-重遇忘卻了的人.mp4","1920","1080",,,"25","17316500/692671","progressive","h264","yuv420p",,,,"665","800","aac","2","44100","1385.39","132.09","False","ALREADY_1080_HEIGHT","Already 1080 pixels high; do not upscale automatically."
"19-孤星淚-被託管的科絲迪.mp4","C:\Users\Synice\Downloads\孤星淚\19-孤星淚-被託管的科絲迪.mp4","1920","1080",,,"25","25/1","progressive","h264","yuv420p",,,,"754","889","aac","2","44100","1388.04","147.02","False","ALREADY_1080_HEIGHT","Already 1080 pixels high; do not upscale automatically."
"1-孤星淚-科絲迪與法天妮.mp4","C:\Users\Synice\Downloads\孤星淚\1-孤星淚-科絲迪與法天妮.mp4","1920","1080",,,"24.999","34465000/1378657","progressive","h264","yuv420p",,,,"758","892","aac","2","44100","1378.66","146.59","False","ALREADY_1080_HEIGHT","Already 1080 pixels high; do not upscale automatically."
"20-孤星淚-在修道院的日子.mp4","C:\Users\Synice\Downloads\孤星淚\20-孤星淚-在修道院的日子.mp4","1920","1080",,,"25","4340125/173608","progressive","h264","yuv420p",,,,"847","981","aac","2","44100","1388.92","162.45","False","ALREADY_1080_HEIGHT","Already 1080 pixels high; do not upscale automatically."
"21-孤星淚-馬利斯·龐麥路士.mp4","C:\Users\Synice\Downloads\孤星淚\21-孤星淚-馬利斯·龐麥路士.mp4","1920","1080",,,"25","25/1","progressive","h264","yuv420p",,,,"654","788","aac","2","44100","1386.92","130.28","False","ALREADY_1080_HEIGHT","Already 1080 pixels high; do not upscale automatically."
"22-孤星淚-各自踏上新路途.mp4","C:\Users\Synice\Downloads\孤星淚\22-孤星淚-各自踏上新路途.mp4","1920","1080",,,"25","1575500/63021","progressive","h264","yuv420p",,,,"780","914","aac","2","44100","1386.58","151.07","False","ALREADY_1080_HEIGHT","Already 1080 pixels high; do not upscale automatically."
"23-孤星淚-在巴黎的天空下.mp4","C:\Users\Synice\Downloads\孤星淚\23-孤星淚-在巴黎的天空下.mp4","1280","720",,,"25","25/1","progressive","h264","yuv420p",,,,"552","686","aac","2","44100","1388.56","113.6","True","REVIEW_FOR_UPSCALE","low video bitrate"
"24-孤星淚-公園的初遇.mp4","C:\Users\Synice\Downloads\孤星淚\24-孤星淚-公園的初遇.mp4","1280","720",,,"25","25/1","progressive","h264","yuv420p",,,,"631","765","aac","2","44100","1390.83","126.92","True","REVIEW_FOR_UPSCALE","low video bitrate"
"25-孤星淚-心意未能傳達.mp4","C:\Users\Synice\Downloads\孤星淚\25-孤星淚-心意未能傳達.mp4","1920","1080",,,"25","25/1","progressive","h264","yuv420p",,,,"819","953","aac","2","44100","1388","157.75","False","ALREADY_1080_HEIGHT","Already 1080 pixels high; do not upscale automatically."
"26-孤星淚-相見無緣.mp4","C:\Users\Synice\Downloads\孤星淚\26-孤星淚-相見無緣.mp4","1920","1080",,,"25","17207500/688311","progressive","h264","yuv420p",,,,"843","977","aac","2","44100","1376.69","160.3","False","ALREADY_1080_HEIGHT","Already 1080 pixels high; do not upscale automatically."
"27-孤星淚-出走的女孩.mp4","C:\Users\Synice\Downloads\孤星淚\27-孤星淚-出走的女孩.mp4","1920","1080",,,"25","25/1","progressive","h264","yuv420p",,,,"763","897","aac","2","44100","1382.08","147.86","False","ALREADY_1080_HEIGHT","Already 1080 pixels high; do not upscale automatically."
"28-孤星淚-遺下的信.mp4","C:\Users\Synice\Downloads\孤星淚\28-孤星淚-遺下的信.mp4","1920","1080",,,"24.999","34682000/1387317","progressive","h264","yuv420p",,,,"703","837","aac","2","44100","1387.41","138.45","False","ALREADY_1080_HEIGHT","Already 1080 pixels high; do not upscale automatically."
"29-孤星淚-狄納路丁的圈套.mp4","C:\Users\Synice\Downloads\孤星淚\29-孤星淚-狄納路丁的圈套.mp4","1920","1080",,,"25","25/1","progressive","h264","yuv420p",,,,"683","818","aac","2","44100","1388","135.33","False","ALREADY_1080_HEIGHT","Already 1080 pixels high; do not upscale automatically."
"2-孤星淚-鏘·巴路鏘的秘密.mp4","C:\Users\Synice\Downloads\孤星淚\2-孤星淚-鏘·巴路鏘的秘密.mp4","1920","1080",,,"24.999","825500/33021","progressive","h264","yuv420p",,,,"713","847","aac","2","44100","1386.88","140.07","False","ALREADY_1080_HEIGHT","Already 1080 pixels high; do not upscale automatically."
"30-孤星淚-遺留的錢幣.mp4","C:\Users\Synice\Downloads\孤星淚\30-孤星淚-遺留的錢幣.mp4","1920","1080",,,"24.999","3471400/138859","progressive","h264","yuv420p",,,,"679","813","aac","2","44100","1388.65","134.55","False","ALREADY_1080_HEIGHT","Already 1080 pixels high; do not upscale automatically."
"31-孤星淚-安穩的日子.mp4","C:\Users\Synice\Downloads\孤星淚\31-孤星淚-安穩的日子.mp4","600","480","64:45","16:9","25","25/1","progressive","h264","yuv420p",,,,"249","382","aac","2","44100","1389.11","63.32","True","GOOD_AI_CANDIDATE","SD source (600 x 480); very low video bitrate"
"32-孤星淚-昔日的面孔.mp4","C:\Users\Synice\Downloads\孤星淚\32-孤星淚-昔日的面孔.mp4","600","480","64:45","16:9","25","25/1","progressive","h264","yuv420p",,,,"358","492","aac","2","44100","1389.76","81.49","True","GOOD_AI_CANDIDATE","SD source (600 x 480); low video bitrate"
"33-孤星淚-心熄後的重逢.mp4","C:\Users\Synice\Downloads\孤星淚\33-孤星淚-心熄後的重逢.mp4","1920","1080",,,"25","25/1","progressive","h264","yuv420p",,,,"744","879","aac","2","44100","1389.04","145.61","False","ALREADY_1080_HEIGHT","Already 1080 pixels high; do not upscale automatically."
"34-孤星淚-象裏的小孩子.mp4","C:\Users\Synice\Downloads\孤星淚\34-孤星淚-象裏的小孩子.mp4","1920","1080",,,"25","25/1","progressive","h264","yuv420p",,,,"739","874","aac","2","44100","1389.52","144.76","False","ALREADY_1080_HEIGHT","Already 1080 pixels high; do not upscale automatically."
"35-孤星淚-火藥龍盟友越獄.mp4","C:\Users\Synice\Downloads\孤星淚\35-孤星淚-火藥龍盟友越獄.mp4","1920","1080",,,"25","17379000/695173","progressive","h264","yuv420p",,,,"747","881","aac","2","44100","1390.5","146.1","False","ALREADY_1080_HEIGHT","Already 1080 pixels high; do not upscale automatically."
"36-孤星淚-有病的城市，巴黎.mp4","C:\Users\Synice\Downloads\孤星淚\36-孤星淚-有病的城市，巴黎.mp4","1920","1080",,,"25","25/1","progressive","h264","yuv420p",,,,"744","878","aac","2","44100","1387.84","145.34","False","ALREADY_1080_HEIGHT","Already 1080 pixels high; do not upscale automatically."
"37-孤星淚-馬利斯失策.mp4","C:\Users\Synice\Downloads\孤星淚\37-孤星淚-馬利斯失策.mp4","1920","1080",,,"25","17363000/694531","progressive","h264","yuv420p",,,,"811","945","aac","2","44100","1389.06","156.52","False","ALREADY_1080_HEIGHT","Already 1080 pixels high; do not upscale automatically."
"38-孤星淚-科絲迪與艾寶妮.mp4","C:\Users\Synice\Downloads\孤星淚\38-孤星淚-科絲迪與艾寶妮.mp4","1920","1080",,,"25","25/1","progressive","h264","yuv420p",,,,"703","837","aac","2","44100","1387.88","138.55","False","ALREADY_1080_HEIGHT","Already 1080 pixels high; do not upscale automatically."
"39-孤星淚-1832年6月5日.mp4","C:\Users\Synice\Downloads\孤星淚\39-孤星淚-1832年6月5日.mp4","1920","1080",,,"25","4338875/173558","progressive","h264","yuv420p",,,,"842","976","aac","2","44100","1388.6","161.62","False","ALREADY_1080_HEIGHT","Already 1080 pixels high; do not upscale automatically."
"3-孤星淚-新朋友雪雪.mp4","C:\Users\Synice\Downloads\孤星淚\3-孤星淚-新朋友雪雪.mp4","1920","1080",,,"24.999","34640000/1385653","progressive","h264","yuv420p",,,,"955","1089","aac","2","44100","1385.65","179.87","False","ALREADY_1080_HEIGHT","Already 1080 pixels high; do not upscale automatically."
"40-孤星淚-革命之夜.mp4","C:\Users\Synice\Downloads\孤星淚\40-孤星淚-革命之夜.mp4","1920","1080",,,"25","4348000/173923","progressive","h264","yuv420p",,,,"769","903","aac","2","44100","1391.38","149.84","False","ALREADY_1080_HEIGHT","Already 1080 pixels high; do not upscale automatically."
"41-孤星淚-艾寶妮的戀愛.mp4","C:\Users\Synice\Downloads\孤星淚\41-孤星淚-艾寶妮的戀愛.mp4","1920","1080",,,"25","17394000/695771","progressive","h264","yuv420p",,,,"667","801","aac","2","44100","1391.64","132.94","False","ALREADY_1080_HEIGHT","Already 1080 pixels high; do not upscale automatically."
"42-孤星淚-馬利斯的信.mp4","C:\Users\Synice\Downloads\孤星淚\42-孤星淚-馬利斯的信.mp4","1920","1080",,,"25","25/1","progressive","h264","yuv420p",,,,"715","849","aac","2","44100","1387.72","140.4","False","ALREADY_1080_HEIGHT","Already 1080 pixels high; do not upscale automatically."
"43-孤星淚-卡比勞斯的願望.mp4","C:\Users\Synice\Downloads\孤星淚\43-孤星淚-卡比勞斯的願望.mp4","1920","1080",,,"25","17363000/694531","progressive","h264","yuv420p",,,,"840","974","aac","2","44100","1389.2","161.3","False","ALREADY_1080_HEIGHT","Already 1080 pixels high; do not upscale automatically."
"44-孤星淚-未來的指路明燈.mp4","C:\Users\Synice\Downloads\孤星淚\44-孤星淚-未來的指路明燈.mp4","1920","1080",,,"25","25/1","progressive","h264","yuv420p",,,,"936","1071","aac","2","44100","1390.48","177.5","False","ALREADY_1080_HEIGHT","Already 1080 pixels high; do not upscale automatically."
"45-孤星淚-巴黎的地下水道.mp4","C:\Users\Synice\Downloads\孤星淚\45-孤星淚-巴黎的地下水道.mp4","1920","1080",,,"25","17359500/694391","progressive","h264","yuv420p",,,,"779","913","aac","2","44100","1388.81","151.15","False","ALREADY_1080_HEIGHT","Already 1080 pixels high; do not upscale automatically."
"46-孤星淚-薩比盧的正義.mp4","C:\Users\Synice\Downloads\孤星淚\46-孤星淚-薩比盧的正義.mp4","1920","1080",,,"25","25/1","progressive","h264","yuv420p",,,,"666","800","aac","2","44100","1387.76","132.34","False","ALREADY_1080_HEIGHT","Already 1080 pixels high; do not upscale automatically."
"47-孤星淚-情意結.mp4","C:\Users\Synice\Downloads\孤星淚\47-孤星淚-情意結.mp4","1920","1080",,,"25","4338250/173533","progressive","h264","yuv420p",,,,"855","989","aac","2","44100","1388.27","163.75","False","ALREADY_1080_HEIGHT","Already 1080 pixels high; do not upscale automatically."
"48-孤星淚-科絲迪與馬利斯.mp4","C:\Users\Synice\Downloads\孤星淚\48-孤星淚-科絲迪與馬利斯.mp4","1920","1080",,,"25","25/1","progressive","h264","yuv420p",,,,"860","995","aac","2","44100","1387.36","164.51","False","ALREADY_1080_HEIGHT","Already 1080 pixels high; do not upscale automatically."
"49-孤星淚-我的母親.mp4","C:\Users\Synice\Downloads\孤星淚\49-孤星淚-我的母親.mp4","1920","1080",,,"25","17353500/694151","progressive","h264","yuv420p",,,,"867","1002","aac","2","44100","1388.34","165.85","False","ALREADY_1080_HEIGHT","Already 1080 pixels high; do not upscale automatically."
"4-孤星淚-媽媽的來信.mp4","C:\Users\Synice\Downloads\孤星淚\4-孤星淚-媽媽的來信.mp4","1920","1080",,,"24.999","1387480/55501","progressive","h264","yuv420p",,,,"835","970","aac","2","44100","1387.52","160.39","False","ALREADY_1080_HEIGHT","Already 1080 pixels high; do not upscale automatically."
"50-孤星淚-永遠的指環.mp4","C:\Users\Synice\Downloads\孤星淚\50-孤星淚-永遠的指環.mp4","1920","1080",,,"25","25/1","progressive","h264","yuv420p",,,,"832","967","aac","2","44100","1387.8","159.9","False","ALREADY_1080_HEIGHT","Already 1080 pixels high; do not upscale automatically."
"51-孤星淚-真相大白.mp4","C:\Users\Synice\Downloads\孤星淚\51-孤星淚-真相大白.mp4","1920","1080",,,"24.999","11571000/462853","progressive","h264","yuv420p",,,,"773","907","aac","2","44100","1388.58","150.1","False","ALREADY_1080_HEIGHT","Already 1080 pixels high; do not upscale automatically."
"52-孤星淚-銀燭臺.mp4","C:\Users\Synice\Downloads\孤星淚\52-孤星淚-銀燭臺.mp4","1920","1080",,,"25","25/1","progressive","h264","yuv420p",,,,"720","855","aac","2","44100","1387.79","141.39","False","ALREADY_1080_HEIGHT","Already 1080 pixels high; do not upscale automatically."
"5-孤星淚-薩比盧的疑惑.mp4","C:\Users\Synice\Downloads\孤星淚\5-孤星淚-薩比盧的疑惑.mp4","1920","1080",,,"24.999","34456000/1378283","progressive","h264","yuv420p",,,,"821","955","aac","2","44100","1378.28","156.85","False","ALREADY_1080_HEIGHT","Already 1080 pixels high; do not upscale automatically."
"6-孤星淚-科絲迪的生日.mp4","C:\Users\Synice\Downloads\孤星淚\6-孤星淚-科絲迪的生日.mp4","1920","1080",,,"24.999","8671750/346877","progressive","h264","yuv420p",,,,"787","921","aac","2","44100","1387.51","152.41","False","ALREADY_1080_HEIGHT","Already 1080 pixels high; do not upscale automatically."
"7-孤星淚-迷途羔羊艾寶妮.mp4","C:\Users\Synice\Downloads\孤星淚\7-孤星淚-迷途羔羊艾寶妮.mp4","1920","1080",,,"24.999","17319500/692803","progressive","h264","yuv420p",,,,"810","944","aac","2","44100","1385.61","155.94","False","ALREADY_1080_HEIGHT","Already 1080 pixels high; do not upscale automatically."
"8-孤星淚-媽媽送來的裙.mp4","C:\Users\Synice\Downloads\孤星淚\8-孤星淚-媽媽送來的裙.mp4","1920","1080",,,"24.999","3464900/138599","progressive","h264","yuv420p",,,,"815","949","aac","2","44100","1385.99","156.77","False","ALREADY_1080_HEIGHT","Already 1080 pixels high; do not upscale automatically."
"9-孤星淚-狄納路丁的詭計.mp4","C:\Users\Synice\Downloads\孤星淚\9-孤星淚-狄納路丁的詭計.mp4","1920","1080",,,"24.999","34574000/1383033","progressive","h264","yuv420p",,,,"618","751","aac","2","44100","1383.03","123.86","False","ALREADY_1080_HEIGHT","Already 1080 pixels high; do not upscale automatically."
